Price,Location,Room,Bath Room,Area
12.49 Crore,"DHA Defence Phase 2, DHA Defence",5,6,1 Kanal
64 Lakh,"Lilly Sector - Block A, DHA Valley - Lilly Sector",2,2,5 Marla
11.75 Crore,"DHA Defence Phase 2, DHA Defence",6,6,1 Kanal
1.55 Crore,"Oleander Sector - DHA Homes Block A, DHA Valley - Oleander Sector",3,3,8 Marla
2.1 Crore,"MPCHS - Block F, MPCHS - Multi Gardens",4,4,5 Marla
6.3 Crore,"CBR Town Phase 1 - Block C, CBR Town Phase 1",8,6,12 Marla
2.38 Crore,"Park View City, Islamabad",3,4,5 Marla
22 Crore,"DHA Defence Phase 1, DHA Defence",5,6,2 Kanal
16.2 Crore,"G-9/1, G-9",3,3,14 Marla
3.4 Crore,"Jinnah Gardens Phase 1, Jinnah Gardens",5,7,7 Marla
2.65 Crore,"Bahria Enclave - Sector B1, Bahria Enclave",3,4,5 Marla
13.5 Crore,"D-12/4, D-12",6,6,10 Marla
3.3 Crore,"Bahria Enclave, Bahria Town",5,6,8 Marla
3.25 Crore,"Bahria Enclave - Sector G, Bahria Enclave",6,6,8 Marla
4.35 Crore,"Top City 1, Islamabad",5,7,10 Marla
10.5 Crore,"DHA Defence Phase 2, DHA Defence",6,6,1 Kanal
10.5 Crore,"Bani Gala, Islamabad",5,7,1.7 Kanal
10.85 Crore,"DHA Defence Phase 2, DHA Defence",5,7,1 Kanal
3.5 Crore,"MPCHS - Block F, MPCHS - Multi Gardens",4,5,8 Marla
15.75 Crore,"F-10, Islamabad",8,6,1 Kanal
14.5 Crore,"F-10, Islamabad",6,6,1 Kanal
45 Crore,"E-7, Islamabad",6,7,2 Kanal
3.25 Crore,"Bahria Enclave - Sector F1, Bahria Enclave",4,5,8 Marla
2.6 Crore,"Bahria Enclave - Sector H, Bahria Enclave",3,4,5 Marla
2.8 Crore,"Bahria Enclave - Sector H, Bahria Enclave",3,4,5 Marla
5.49 Crore,"Top City 1 - Block A, Top City 1",6,7,10 Marla
4.15 Crore,"Top City 1 - Block A, Top City 1",6,7,10 Marla
14.9 Crore,"DHA Defence Phase 2, DHA Defence",6,6,1 Kanal
4 Crore,"Top City 1 - Block A, Top City 1",5,6,10 Marla
4.3 Crore,"Top City 1 - Block D, Top City 1",5,6,10 Marla
4.75 Crore,"Bahria Enclave - Sector C1, Bahria Enclave",5,6,10 Marla
3 Crore,"Bhara kahu, Islamabad",5,5,7 Marla
13.5 Crore,"D-12/4, D-12",5,6,10 Marla
2.35 Crore,"Bahria Enclave - Sector N, Bahria Enclave",3,5,5 Marla
2.8 Crore,"MPCHS - Multi Gardens, B-17",4,6,5 Marla
3.4 Crore,"DHA Defence Phase 2, DHA Defence",2,3,7 Marla
10.9 Crore,"DHA Phase 2 - Sector C, DHA Defence Phase 2",6,6,1 Kanal
5.75 Crore,"G-11/2, G-11",5,6,5 Marla
8.25 Crore,"Naval Anchorage, Islamabad",6,6,1 Kanal
3.6 Crore,"G-14/2, G-14",5,5,4 Marla
7.5 Crore,"DHA Defence Phase 2, DHA Defence",5,5,10 Marla
3.3 Crore,"MPCHS - Block C, MPCHS - Multi Gardens",4,5,8 Marla
4 Crore,"Bahria Enclave - Sector C2, Bahria Enclave",5,6,9 Marla
9.4 Crore,"G-13, Islamabad",6,7,10 Marla
2.8 Crore,"MPCHS - Block E, MPCHS - Multi Gardens",,,8 Marla
5.1 Crore,"DHA Defence Phase 1, DHA Defence",5,6,12 Marla
3.8 Crore,"Top City 1, Islamabad",6,,10 Marla
7 Crore,"Top City 1, Islamabad",8,7,1 Kanal
6.5 Crore,"Top City 1, Islamabad",7,7,1 Kanal
4.35 Crore,"Top City 1, Islamabad",6,7,10 Marla
3.85 Crore,"Top City 1 - Block A, Top City 1",5,6,10 Marla
11.5 Crore,"D-12, Islamabad",6,7,10 Marla
2.4 Crore,"MPCHS - Multi Gardens, B-17",4,5,5 Marla
9.5 Crore,"DHA Defence Phase 2, DHA Defence",6,6,1 Kanal
10.9 Crore,"DHA Defence Phase 2, DHA Defence",5,6,1 Kanal
3.95 Crore,"MPCHS - Multi Gardens, B-17",4,5,8 Marla
3 Crore,"Gulberg Residencia - Block C, Gulberg Residencia",4,4,5 Marla
5.35 Crore,"Bahria Enclave - Sector C1, Bahria Enclave",5,6,10 Marla
4.65 Crore,"Bahria Enclave - Sector C1, Bahria Enclave",5,6,10 Marla
7.5 Crore,"Jinnah Gardens Phase 1, Jinnah Gardens",6,7,1 Kanal
4.3 Crore,"River Garden, Islamabad",5,6,8 Marla
7.5 Crore,"DHA Defence Phase 2, DHA Defence",5,5,10 Marla
7.5 Crore,"MPCHS - Block B, MPCHS - Multi Gardens",7,6,1 Kanal
3.3 Crore,"Bani Gala, Islamabad",4,6,12 Marla
3 Crore,"Faisal Town - F-18, Islamabad",5,5,5 Marla
1.2 Crore,"Bani Gala, Islamabad",2,3,5 Marla
2.5 Crore,"D-17, Islamabad",4,4,7.1 Marla
4.4 Crore,"Top City 1, Islamabad",6,7,10 Marla
3.65 Crore,"Top City 1, Islamabad",5,,10 Marla
4.15 Crore,"Top City 1, Islamabad",5,7,10 Marla
4.5 Crore,"Top City 1, Islamabad",7,7,1 Kanal
1.75 Crore,"University Town, Islamabad",5,6,5 Marla
1.75 Crore,"University Town, Islamabad",4,6,5 Marla
4.5 Crore,"G-11, Islamabad",3,3,5 Marla
3.6 Crore,"Top City 1, Islamabad",5,,10 Marla
10.5 Crore,"Bahria Enclave, Bahria Town",6,6,1 Kanal
4.85 Crore,"G-13, Islamabad",5,7,8 Marla
4.3 Crore,"D-12/4, D-12",4,4,4 Marla
5.5 Crore,"Bahria Enclave - Sector C1, Bahria Enclave",4,6,10 Marla
5.65 Crore,"D-12/1, D-12",4,4,5 Marla
16.5 Crore,"G-9/1, G-9",7,6,14 Marla
35 Crore,"F-7/1, F-7",6,6,1.3 Kanal
15.5 Crore,"F-11, Islamabad",4,4,17.8 Marla
90 Crore,"E-7, Islamabad",6,7,2.1 Kanal
2.5 Crore,"B-17, Islamabad",4,,5 Marla
12.25 Crore,"DHA Defence Phase 2, DHA Defence",6,7,1 Kanal
10.75 Crore,"DHA Defence Phase 2, DHA Defence",5,6,1 Kanal
4.75 Crore,"DHA Phase 1 - Defence Villas, DHA Phase 1 - Sector F",3,4,1 Kanal
3.85 Crore,"Bahria Enclave, Bahria Town",5,6,8 Marla
5.1 Crore,"Bahria Enclave - Sector C1, Bahria Enclave",5,6,10 Marla
5.1 Crore,"Bahria Enclave - Sector A, Bahria Enclave",5,6,10 Marla
6.25 Crore,"Bahria Enclave, Bahria Town",5,6,10 Marla
5 Crore,"Bahria Enclave - Sector A, Bahria Enclave",5,5,11 Marla
9.95 Crore,"DHA Defence Phase 2, DHA Defence",6,6,1 Kanal
13.5 Crore,"DHA Defence Phase 2, DHA Defence",5,5,1 Kanal
13.5 Crore,"DHA Defence Phase 2, DHA Defence",5,5,1 Kanal
14.75 Crore,"DHA Defence Phase 2, DHA Defence",5,5,1 Kanal
14.75 Crore,"DHA Defence Phase 2, DHA Defence",5,5,1 Kanal
14.75 Crore,"DHA Defence Phase 2, DHA Defence",5,5,1 Kanal
14.5 Crore,"DHA Defence Phase 2, DHA Defence",5,5,1 Kanal
11 Crore,"Eighteen, Kashmir Highway",,,1 Kanal
5.45 Crore,"G-9/4, G-9",4,4,6.6 Marla
1.1 Arab,"F-7/3, F-7",,,4 Kanal
12.45 Crore,"DHA Defence Phase 2, DHA Defence",6,6,1 Kanal
5.5 Crore,"I-11/2, I-11",6,5,8 Marla
3.5 Crore,"G-13, Islamabad",4,4,4 Marla
4.1 Crore,"G-13, Islamabad",4,4,4 Marla
5.6 Crore,"G-13, Islamabad",4,4,7 Marla
3.2 Crore,"Jinnah Gardens Phase 1, Jinnah Gardens",5,5,7 Marla
11.9 Crore,"I-8/3, I-8",7,7,13.2 Marla
10.5 Crore,"DHA Defence Phase 2, DHA Defence",6,6,1 Kanal
3.1 Crore,"Bahria Enclave - Sector B1, Bahria Enclave",3,3,5.6 Marla
5.3 Crore,"Bahria Enclave, Bahria Town",5,6,10 Marla
5.25 Crore,"Bahria Enclave - Sector C1, Bahria Enclave",5,6,10 Marla
6.5 Crore,"Bahria Enclave, Bahria Town",5,6,10 Marla
1.25 Crore,"Bani Gala, Islamabad",2,3,5 Marla
5.1 Crore,"Bahria Enclave, Bahria Town",5,6,10 Marla
14.5 Crore,"DHA Defence Phase 2, DHA Defence",5,6,1 Kanal
3.5 Crore,"G-13/1, G-13",,,4.4 Marla
7.85 Crore,"DHA Defence Phase 2, DHA Defence",5,6,10 Marla
10.5 Crore,"DHA Defence Phase 2, DHA Defence",6,6,1 Kanal
3.25 Crore,"G-13/1, G-13",,,4.4 Marla
8 Crore,"DHA Defence Phase 5, DHA Defence",5,7,10 Marla
12.5 Crore,"DHA Defence Phase 2, DHA Defence",5,6,1 Kanal
11.9 Crore,"DHA Defence Phase 2, DHA Defence",5,6,1 Kanal
28 Crore,"F-8, Islamabad",5,6,1.2 Kanal
16.5 Crore,"I-8, Islamabad",6,6,14 Marla
24 Crore,"I-8/3, I-8",8,6,1.2 Kanal
11.5 Crore,"DHA Defence Phase 2, DHA Defence",5,6,1 Kanal
14.75 Crore,"DHA Defence Phase 2, DHA Defence",6,7,1 Kanal
1.47 Crore,"Oleander Sector - DHA Homes Block A, DHA Valley - Oleander Sector",3,3,8 Marla
14.5 Crore,"DHA Defence Phase 2, DHA Defence",5,5,1 Kanal
4.09 Crore,"Gulberg Residencia - Block F, Gulberg Residencia",5,5,7 Marla
8 Crore,"E-11, Islamabad",6,6,10 Marla
6 Crore,"G-10, Islamabad",5,5,7 Marla
11.9 Crore,"DHA Phase 2 - Sector B, DHA Defence Phase 2",6,7,1 Kanal
13.9 Crore,"DHA Phase 2 - Sector E, DHA Defence Phase 2",6,7,1 Kanal
1.2 Crore,"Burma Town, Islamabad",6,6,4 Marla
47 Lakh,"Khanna Pul, Islamabad",2,2,2 Marla
70 Crore,"F-8/2, F-8",7,7,4 Kanal
8.25 Crore,"Naval Anchorage - Block K, Naval Anchorage",8,7,1 Kanal
10 Crore,"Bahria Enclave - Sector C, Bahria Enclave",7,6,1 Kanal
10.5 Crore,"DHA Defence Phase 2, DHA Defence",6,6,1 Kanal
13.9 Crore,"DHA Defence Phase 2, DHA Defence",5,5,1 Kanal
11.9 Crore,"DHA Defence Phase 2, DHA Defence",6,7,1 Kanal
12 Crore,"DHA Defence Phase 2, DHA Defence",6,7,1 Kanal
12 Crore,"DHA Defence Phase 2, DHA Defence",6,7,1 Kanal
14 Crore,"DHA Defence Phase 2, DHA Defence",5,6,1 Kanal
11.5 Crore,"DHA Defence Phase 2, DHA Defence",6,7,1 Kanal
11.5 Crore,"DHA Defence Phase 2, DHA Defence",6,7,1 Kanal
2.8 Crore,"MPCHS - Multi Gardens, B-17",4,6,5 Marla
7.5 Crore,"Top City 1 - Block B, Top City 1",6,7,1 Kanal
5.75 Crore,"D-12, Islamabad",4,4,5 Marla
11.9 Crore,"DHA Defence Phase 2, DHA Defence",5,6,1 Kanal
4.8 Crore,"Bahria Enclave - Sector C1, Bahria Enclave",5,6,10 Marla
26.5 Crore,"D-12, Islamabad",7,7,1 Kanal
1.3 Crore,"Ghauri Town Phase 5A, Ghauri Town",3,4,5 Marla
9.95 Crore,"DHA Defence Phase 2, DHA Defence",7,6,1 Kanal
2.6 Crore,"Soan Garden - Block B, Soan Garden",2,3,9.3 Marla
4.7 Crore,"G-14/4, G-14",4,5,4 Marla
4.15 Crore,"D-12/4, D-12",4,4,4 Marla
9.75 Crore,"D-12/4, D-12",5,5,7 Marla
6.75 Crore,"D-12/3, D-12",3,3,4 Marla
3.5 Crore,"Fazaia Housing Scheme, Tarnol",5,6,10 Marla
3.25 Crore,"Fazaia Housing Scheme Block E, Fazaia Housing Scheme",3,4,12 Marla
22.75 Crore,"F-6/1, F-6",5,5,1.1 Kanal
4.3 Crore,"Soan Garden - Block H, Soan Garden",6,6,10 Marla
13.5 Crore,"DHA Defence Phase 2, DHA Defence",5,6,1 Kanal
3.5 Crore,"MPCHS - Block E, MPCHS - Multi Gardens",4,6,8 Marla
13.5 Crore,"DHA Phase 2 - Sector B, DHA Defence Phase 2",5,6,1 Kanal
12.5 Crore,"DHA Defence Phase 2, DHA Defence",6,6,1 Kanal
14.5 Crore,"DHA Defence Phase 2, DHA Defence",8,6,1 Kanal
9.95 Crore,"Bahria Enclave - Sector B2, Bahria Enclave",5,6,1 Kanal
9 Crore,"Bahria Enclave - Sector A, Bahria Enclave",5,6,1 Kanal
12 Crore,"Bahria Enclave - Sector A, Bahria Enclave",5,6,1 Kanal
7.5 Crore,"DHA Defence Phase 2, DHA Defence",5,5,10 Marla
13.5 Crore,"DHA Defence Phase 2, DHA Defence",,,1 Kanal
12 Crore,"D-12/2, D-12",6,7,10 Marla
2.5 Crore,"Faisal Town - F-18, Islamabad",5,5,5 Marla
5.75 Crore,"D-12/1, D-12",5,6,5 Marla
13 Crore,"D-12, Islamabad",5,6,10 Marla
8.5 Crore,"Naval Anchorage - Block L, Naval Anchorage",6,6,1 Kanal
4.25 Crore,"Bahria Enclave - Sector G, Bahria Enclave",5,6,9 Marla
9.5 Crore,"E-11, Islamabad",5,5,10 Marla
4.4 Crore,"D-12/4, D-12",4,5,4 Marla
23.5 Crore,"F-6/1, F-6",5,5,1.1 Kanal
45 Crore,"F-6/4, F-6",6,6,2.1 Kanal
4.85 Crore,"Bahria Enclave - Sector J, Bahria Enclave",5,6,10 Marla
3.75 Crore,"G-13/4, G-13",4,6,4.4 Marla
5.25 Crore,"MPCHS - Block D, MPCHS - Multi Gardens",6,6,0 Marla
6.2 Crore,"DHA Phase 1 - Sector F, DHA Defence Phase 1",5,6,12 Marla
10.75 Crore,"G-9, Islamabad",5,5,14 Marla
10 Crore,"DHA Defence Phase 2, DHA Defence",5,6,1 Kanal
13 Crore,"DHA Defence Phase 2, DHA Defence",6,6,1 Kanal
25 Crore,"DHA Defence Phase 2, DHA Defence",7,6,1.5 Kanal
4.3 Crore,"Bahria Enclave - Sector G, Bahria Enclave",5,,8 Marla
3.2 Crore,"Bahria Enclave - Sector N, Bahria Enclave",5,6,8 Marla
3.65 Crore,"Bahria Enclave - Sector N, Bahria Enclave",5,6,8 Marla
40 Crore,"Bahria Enclave - Sector C, Bahria Enclave",6,6,2 Kanal
4.1 Crore,"Bahria Enclave - Sector F1, Bahria Enclave",5,6,10 Marla
5.2 Crore,"D-12/1, D-12",3,4,4.4 Marla
9.75 Crore,"D-12/1, D-12",7,7,8 Marla
3.75 Crore,"PWD Housing Scheme, Islamabad",6,7,5 Marla
12.4 Crore,"DHA Defence Phase 2, DHA Defence",5,6,1 Kanal
2.8 Crore,"MPCHS - Block F, MPCHS - Multi Gardens",,,5 Marla
2.5 Crore,"Bahria Enclave - Sector B1, Bahria Enclave",3,4,5 Marla
3.1 Crore,"Bani Gala, Islamabad",4,5,1 Kanal
3.9 Crore,"I-11/2, I-11",5,6,6 Marla
3.15 Crore,"I-11/2, I-11",5,5,4 Marla
4.1 Crore,"Margalla View Housing Society, D-17",,,9.3 Marla
4 Crore,"Shehzad Town, Islamabad",,,8 Marla
5.5 Crore,"Jinnah Gardens, FECHS",6,6,14 Marla
4.15 Crore,"Bahria Enclave - Sector M, Bahria Enclave",6,6,10 Marla
3.05 Crore,"I-14, Islamabad",4,5,6 Marla
2.35 Crore,"Bahria Enclave - Sector N, Bahria Enclave",3,4,5 Marla
2.45 Crore,"Bahria Enclave - Sector N, Bahria Enclave",3,5,5 Marla
9 Crore,"DHA Phase 2 - Sector G, DHA Defence Phase 2",6,6,1 Kanal
95 Crore,"F-7, Islamabad",11,7,4 Kanal
13.95 Crore,"DHA Defence Phase 2, DHA Defence",5,6,1 Kanal
13.95 Crore,"DHA Defence Phase 2, DHA Defence",5,6,1 Kanal
11.5 Crore,"DHA Defence Phase 2, DHA Defence",,,1 Kanal
12 Crore,"DHA Defence Phase 2, DHA Defence",6,7,1 Kanal
3.55 Crore,"Bahria Enclave - Sector G, Bahria Enclave",5,6,8 Marla
3.6 Crore,"Bahria Enclave - Sector G, Bahria Enclave",5,6,8 Marla
62 Lakh,"Arsalan Town, Islamabad",2,2,3 Marla
75 Crore,"E-7, Islamabad",,,2.1 Kanal
6.2 Crore,"Eighteen, Kashmir Highway",4,5,10 Marla
65 Crore,"Eighteen, Kashmir Highway",7,6,8 Kanal
9.75 Crore,"D-12/4, D-12",4,5,7 Marla
50 Crore,"F-8/2, F-8",,,2.5 Kanal
3.35 Crore,"Bani Gala, Islamabad",5,5,8 Marla
11.9 Crore,"DHA Phase 5 - Sector B, DHA Defence Phase 5",6,6,1 Kanal
5.25 Crore,"DHA Phase 3 - Block B, DHA Defence Phase 3",5,6,10 Marla
4 Crore,"I-14/4, I-14",6,6,8 Marla
69.5 Lakh,"DHA Valley - Lilly Sector, DHA Valley",2,2,5 Marla
4.5 Crore,"Bahria Enclave - Sector J, Bahria Enclave",4,5,10 Marla
3.7 Crore,"B-17, Islamabad",4,6,8 Marla
1.45 Crore,"Ghauri Town Phase 4A, Ghauri Town",4,4,5 Marla
3.5 Crore,"Jinnah Gardens Phase 1, Jinnah Gardens",5,6,7 Marla
5.25 Crore,"DHA Defence Phase 5, DHA Defence",5,7,10 Marla
5.2 Crore,"Bahria Enclave - Sector C1, Bahria Enclave",5,6,10 Marla
5.35 Crore,"Bahria Enclave - Sector C1, Bahria Enclave",5,6,10 Marla
2.3 Crore,"Bahria Enclave - Sector F1, Bahria Enclave",3,5,5 Marla
3.25 Crore,"Bahria Enclave - Sector J, Bahria Enclave",5,6,8 Marla
3.3 Crore,"Bahria Enclave - Sector J, Bahria Enclave",5,6,8 Marla
3.2 Crore,"Bahria Enclave - Sector F1, Bahria Enclave",5,6,8 Marla
3.6 Crore,"Bahria Enclave - Sector B1, Bahria Enclave",5,6,8 Marla
3.9 Crore,"Bahria Enclave - Sector B1, Bahria Enclave",5,6,8 Marla
5.15 Crore,"Bahria Enclave, Bahria Town",5,6,10 Marla
5.6 Crore,"Bahria Enclave, Bahria Town",5,6,10 Marla
65 Crore,"E-7, Islamabad",,,1.9 Kanal
55 Crore,"F-8/1, F-8",,,3.6 Kanal
50 Crore,"F-6/3, F-6",,,2 Kanal
80 Crore,"E-7, Islamabad",,,1.6 Kanal
5.5 Crore,"Emaar Canyon Views, Islamabad",5,5,10 Marla
3.45 Crore,"G-13/4, G-13",4,5,4.4 Marla
15.5 Crore,"G-13, Islamabad",7,6,1 Kanal
80 Crore,"E-7, Islamabad",3,3,2.5 Kanal
6.5 Crore,"DHA Defence Phase 5, DHA Defence",5,6,10 Marla
3.95 Crore,"CBR Town Phase 1 - Block C, CBR Town Phase 1",4,5,7 Marla
2.8 Crore,"B-17, Islamabad",5,4,5 Marla
2.2 Crore,"B-17, Islamabad",5,5,5 Marla
5.7 Crore,"Bahria Enclave - Sector C1, Bahria Enclave",5,6,10 Marla
13 Crore,"G-10/1, G-10",9,6,14.9 Marla
2.5 Crore,"Jinnah Gardens, FECHS",3,3,8 Marla
35 Crore,"F-10, Islamabad",6,7,1.6 Kanal
48 Crore,"F-7/1, F-7",6,7,1.3 Kanal
4.5 Crore,"Bahria Enclave - Sector B1, Bahria Enclave",4,5,8 Marla
2.38 Crore,"Bahria Enclave - Sector N, Bahria Enclave",3,4,5 Marla
2.42 Crore,"Bahria Enclave - Sector N, Bahria Enclave",3,3,5 Marla
3.5 Crore,"Bahria Enclave - Sector N, Bahria Enclave",5,6,8 Marla
3.7 Crore,"Bahria Enclave - Sector N, Bahria Enclave",5,6,8 Marla
3.45 Crore,"Bahria Enclave - Sector N, Bahria Enclave",5,6,8 Marla
3.95 Crore,"Bahria Enclave - Sector B1, Bahria Enclave",5,6,8 Marla
3.4 Crore,"Bahria Enclave - Sector N, Bahria Enclave",5,6,8 Marla
45 Crore,"F-10/1, F-10",,,2 Kanal
2.5 Crore,"Bahria Enclave - Sector N, Bahria Enclave",3,4,5 Marla
2.95 Crore,"Mumtaz City, Islamabad",7,6,8 Marla
3.1 Crore,"Bahria Enclave, Bahria Town",3,4,5 Marla
6.4 Crore,"Bani Gala, Islamabad",4,5,1.5 Kanal
8.9 Crore,"E-11, Islamabad",6,6,10 Marla
7.25 Crore,"D-17, Islamabad",5,7,1 Kanal
6.45 Crore,"Bani Gala, Islamabad",6,7,1.2 Kanal
2.3 Crore,"MPCHS - Multi Gardens, B-17",5,6,5 Marla
3.2 Crore,"D-17, Islamabad",5,7,6 Marla
2.5 Crore,"MPCHS - Block F, MPCHS - Multi Gardens",3,4,5 Marla
2.6 Crore,"MPCHS - Block F, MPCHS - Multi Gardens",3,4,5 Marla
3.45 Crore,"Jinnah Gardens Phase 1, Jinnah Gardens",5,6,7 Marla
2.65 Crore,"Soan Garden - Block B, Soan Garden",5,5,5 Marla
17 Crore,"E-11/4, E-11",7,7,1 Kanal
85 Crore,"E-7, Islamabad",10,7,2.1 Kanal
3.25 Crore,"Soan Garden - Block A, Soan Garden",3,4,12 Marla
8.75 Crore,"G-13, Islamabad",7,7,10.9 Marla
90 Lakh,"C-18 - Block A, C-18",4,4,5 Marla
1.6 Crore,"C-18 - Block B, C-18",8,6,10 Marla
2.8 Crore,"MPCHS - Block F, MPCHS - Multi Gardens",5,5,5 Marla
1.33 Crore,"Lilly Sector - Block A, DHA Valley - Lilly Sector",3,4,8 Marla
1.45 Crore,"Oleander Sector - DHA Homes Block A, DHA Valley - Oleander Sector",3,3,8 Marla
12 Crore,"I-8, Islamabad",6,6,14.2 Marla
10.9 Crore,"DHA Defence Phase 2, DHA Defence",5,5,1 Kanal
4 Crore,"Bani Gala, Islamabad",5,5,10 Marla
6.5 Crore,"Bani Gala, Islamabad",4,5,18 Marla
4.3 Crore,"Bahria Enclave - Sector C1, Bahria Enclave",5,6,10 Marla
8.85 Crore,"G-11/2, G-11",5,6,8 Marla
7.8 Crore,"MPCHS - Block B, MPCHS - Multi Gardens",10,6,14 Marla
37 Crore,"F-10, Islamabad",8,6,2.2 Kanal
1.9 Crore,"MPCHS - Block C1, MPCHS - Multi Gardens",3,3,5 Marla
12 Crore,"DHA Phase 2 - Sector G, DHA Defence Phase 2",6,,1 Kanal
14 Crore,"E-11, Islamabad",8,6,1 Kanal
3.8 Crore,"Bani Gala, Islamabad",2,3,11 Marla
9.5 Crore,"DHA Phase 2 - Sector A, DHA Defence Phase 2",6,6,1 Kanal
8 Crore,"DHA Phase 2 - Sector D, DHA Defence Phase 2",6,,1 Kanal
72 Lakh,"Lilly Sector - DHA Homes, DHA Valley - Lilly Sector",2,2,5 Marla
38 Crore,"F-7, Islamabad",5,,1.3 Kanal
1.35 Crore,"DHA Valley - Oleander Sector, DHA Valley",3,3,8 Marla
50 Crore,"F-7/3, F-7",10,,1.3 Kanal
35 Crore,"F-11, Islamabad",,,2 Kanal
6.3 Crore,"Bahria Enclave - Sector A, Bahria Enclave",5,6,12 Marla
9.75 Crore,"DHA Phase 2 - Sector C, DHA Defence Phase 2",6,6,1 Kanal
15 Crore,"DHA Defence Phase 2, DHA Defence",5,6,1 Kanal
66 Lakh,"Lilly Sector - Block A, DHA Valley - Lilly Sector",2,2,5 Marla
10.5 Crore,"DHA Defence Phase 2, DHA Defence",5,6,1 Kanal
11.25 Crore,"DHA Defence Phase 2, DHA Defence",5,6,1 Kanal
13.9 Crore,"DHA Defence Phase 2, DHA Defence",5,6,1 Kanal
7.5 Crore,"DHA Defence Phase 2, DHA Defence",5,6,12 Marla
3.95 Crore,"MPCHS - Multi Gardens, B-17",6,6,8 Marla
3.6 Crore,"Bahria Enclave - Sector N, Bahria Enclave",5,6,8 Marla
12 Crore,"Bani Gala, Islamabad",7,,1 Kanal
80 Crore,"F-6/2, F-6",9,,2 Kanal
1.3 Arab,"F-6, Islamabad",10,,5 Kanal
1.2 Arab,"F-6, Islamabad",5,6,4 Kanal
3.75 Crore,"Faisal Town Phase 1 - Block A, Faisal Town Phase 1",5,7,8 Marla
12.5 Crore,"DHA Defence Phase 2, DHA Defence",5,6,1 Kanal
12.5 Crore,"DHA Defence Phase 2, DHA Defence",5,6,1 Kanal
3.05 Crore,"Mumtaz City, Islamabad",6,6,8 Marla
11.9 Crore,"DHA Defence Phase 2, DHA Defence",5,6,1 Kanal
18 Crore,"D-12/4, D-12",6,7,1 Kanal
37 Crore,"F-7, Islamabad",4,5,1.3 Kanal
7 Crore,"Soan Garden - Block F, Soan Garden",7,6,1 Kanal
38 Crore,"F-7, Islamabad",5,6,1.3 Kanal
6.8 Crore,"G-13, Islamabad",4,4,7 Marla
3.95 Crore,"G-13, Islamabad",4,4,4 Marla
12.5 Crore,"DHA Defence Phase 2, DHA Defence",6,6,1 Kanal
21.9 Crore,"DHA Defence Phase 5, DHA Defence",8,6,1.8 Kanal
4.15 Crore,"Fazaia Housing Scheme, Tarnol",5,6,10 Marla
4.5 Crore,"G-10/4, G-10",5,5,6 Marla
14.5 Crore,"DHA Phase 2 - Sector G, DHA Defence Phase 2",7,7,1 Kanal
11.5 Crore,"DHA Phase 2 - Sector G, DHA Defence Phase 2",6,7,1 Kanal
12 Crore,"DHA Phase 2 - Sector D, DHA Defence Phase 2",6,7,1 Kanal
1 Arab,"F-7/3, F-7",4,,4 Kanal
45 Crore,"F-7, Islamabad",6,6,2 Kanal
26 Crore,"F-7, Islamabad",5,5,1.3 Kanal
48 Crore,"F-7, Islamabad",6,6,1.3 Kanal
80 Crore,"F-7/3, F-7",10,,4 Kanal
40 Crore,"F-8, Islamabad",9,,1 Kanal
3.9 Crore,"Bahria Enclave, Bahria Town",5,6,10 Marla
16.5 Crore,"DHA Defence Phase 3, DHA Defence",6,6,1.5 Kanal
3.3 Crore,"Soan Garden - Block F, Soan Garden",5,5,7 Marla
5 Crore,"Bani Gala, Islamabad",4,5,1.3 Kanal
4 Crore,"Bani Gala, Islamabad",5,5,10 Marla
3 Crore,"Bahria Enclave - Sector H, Bahria Enclave",3,4,5 Marla
2.5 Crore,"Bahria Enclave - Sector N, Bahria Enclave",3,4,5 Marla
8.9 Crore,"G-13, Islamabad",6,7,10 Marla
6 Crore,"G-16, Islamabad",6,6,12.4 Marla
2.5 Crore,"Jinnah Gardens, FECHS",4,5,5 Marla
7.9 Crore,"DHA Phase 1 - Sector B, DHA Defence Phase 1",6,6,1.2 Kanal
39 Crore,"DHA Defence Phase 2, DHA Defence",6,6,2 Kanal
9 Crore,"G-13/3, G-13",6,6,10 Marla
8.75 Crore,"G-13/3, G-13",6,6,10.9 Marla
55 Crore,"F-7, Islamabad",5,6,2.3 Kanal
75 Crore,"F-6, Islamabad",4,5,3.2 Kanal
18 Crore,"D-12/4, D-12",9,6,1 Kanal
15.5 Crore,"D-12/4, D-12",5,5,14 Marla
9.75 Crore,"D-12/1, D-12",7,6,8 Marla
13.5 Crore,"D-12/4, D-12",5,5,10 Marla
60 Crore,"F-8, Islamabad",8,,3.6 Kanal
30 Crore,"F-8, Islamabad",10,,2 Kanal
65 Crore,"F-8, Islamabad",8,6,4 Kanal
22.5 Crore,"F-8, Islamabad",5,5,1 Kanal
26 Crore,"F-8, Islamabad",6,6,1.3 Kanal
3.65 Crore,"Bani Gala, Islamabad",4,6,7 Marla
5.8 Crore,"G-11, Islamabad",2,3,8 Marla
4.55 Crore,"I-14, Islamabad",8,7,9.3 Marla
3.6 Crore,"I-14, Islamabad",6,7,8 Marla
6.1 Crore,"Soan Garden - Block H, Soan Garden",10,6,1 Kanal
32 Crore,"F-7/1, F-7",8,7,1.1 Kanal
4.15 Crore,"D-12, Islamabad",3,3,4 Marla
7.5 Crore,"DHA Defence Phase 1, DHA Defence",6,6,1.5 Kanal
2.4 Crore,"MPCHS - Block F, MPCHS - Multi Gardens",4,4,5 Marla
2.45 Crore,"MPCHS - Multi Gardens, B-17",4,4,5 Marla
18.5 Crore,"G-9/1, G-9",,,14 Marla
2.6 Crore,"Faisal Margalla City, B-17",4,4,5 Marla
70 Crore,"E-7, Islamabad",6,6,1.9 Kanal
2.75 Crore,"Naval Anchorage, Islamabad",5,6,5 Marla
4.25 Crore,"Fazaia Housing Scheme Block E, Fazaia Housing Scheme",6,7,10 Marla
3.7 Crore,"Soan Garden - Block H, Soan Garden",6,6,10 Marla
3.1 Crore,"G-13/1, G-13",4,4,4 Marla
4.5 Crore,"Soan Garden - Block B, Soan Garden",7,6,9 Marla
3.7 Crore,"Faisal Town Phase 1 - Block A, Faisal Town Phase 1",5,6,8 Marla
3.7 Crore,"Faisal Town Phase 1 - Block A, Faisal Town Phase 1",5,6,8 Marla
18 Crore,"F-10, Islamabad",5,5,1 Kanal
30 Crore,"F-10, Islamabad",7,6,2 Kanal
2.65 Crore,"F-17, Islamabad",6,6,8 Marla
5.35 Crore,"Bahria Enclave - Sector C1, Bahria Enclave",5,5,10 Marla
2.7 Crore,"MPCHS - Block E, MPCHS - Multi Gardens",6,6,8 Marla
5.1 Crore,"G-13, Islamabad",4,4,7 Marla
10.25 Crore,"D-12/1, D-12",6,7,8 Marla
2.6 Crore,"Faisal Town Phase 1 - Block C, Faisal Town Phase 1",4,4,5 Marla
70 Crore,"F-8, Islamabad",5,6,4 Kanal
8.75 Crore,"Naval Anchorage, Islamabad",6,6,1 Kanal
4.8 Crore,"D-12, Islamabad",3,3,4 Marla
8.75 Crore,"D-12, Islamabad",5,5,8 Marla
3.6 Crore,"MPCHS - Block D, MPCHS - Multi Gardens",4,6,8 Marla
8.3 Crore,"MPCHS - Block C, MPCHS - Multi Gardens",6,7,1 Kanal
2.5 Crore,"Jinnah Gardens Phase 1, Jinnah Gardens",3,4,7 Marla
2.5 Crore,"Jinnah Gardens Phase 1, Jinnah Gardens",4,5,5 Marla
3.15 Crore,"Jinnah Gardens Phase 1, Jinnah Gardens",5,7,7 Marla
7.25 Crore,"Soan Garden - Block B, Soan Garden",7,6,1 Kanal
6.75 Crore,"Soan Garden - Block D, Soan Garden",7,6,17 Marla
2.95 Crore,"Faisal Margalla City, B-17",4,4,5 Marla
2.7 Crore,"Faisal Margalla City, B-17",4,4,5 Marla
9.8 Crore,"MPCHS - Block B Extension 1, MPCHS - Multi Gardens",5,7,1 Kanal
20 Crore,"G-14/4, G-14",7,6,1.3 Kanal
4 Crore,"Bahria Enclave - Sector J, Bahria Enclave",5,6,10 Marla
4.7 Crore,"G-14/4, G-14",4,5,4 Marla
4.65 Crore,"DHA Defence Phase 2, DHA Defence",4,5,6 Marla
12.8 Crore,"DHA Defence Phase 2, DHA Defence",6,5,1 Kanal
5.65 Crore,"D-12, Islamabad",3,4,5 Marla
13.5 Crore,"DHA Defence Phase 2, DHA Defence",5,6,1 Kanal
12.75 Crore,"DHA Defence Phase 2, DHA Defence",5,6,1 Kanal
3.3 Crore,"Mumtaz City - Chanab Block, Mumtaz City",6,6,7 Marla
4 Crore,"Gulberg Residencia - Block I, Gulberg Residencia",5,7,7 Marla
4 Crore,"Top City 1 - Block A, Top City 1",6,6,10 Marla
45 Lakh,"Bhara kahu, Islamabad",2,2,2 Marla
6.7 Crore,"DHA Defence Phase 2, DHA Defence",5,5,10 Marla
4.1 Crore,"D-12, Islamabad",3,3,4 Marla
9.5 Crore,"D-12, Islamabad",5,5,8 Marla
3.4 Crore,"Jinnah Gardens Phase 1, Jinnah Gardens",7,7,8 Marla
4.5 Crore,"Jinnah Gardens Phase 1, Jinnah Gardens",3,3,10 Marla
3.4 Crore,"Jinnah Gardens Phase 1, Jinnah Gardens",5,6,7 Marla
4 Crore,"Faisal Margalla City, B-17",6,6,5 Marla
3.15 Crore,"Faisal Margalla City, B-17",5,5,5 Marla
2.3 Crore,"MPCHS - Block F, MPCHS - Multi Gardens",4,5,5 Marla
2.3 Crore,"MPCHS - Block F, MPCHS - Multi Gardens",3,4,5 Marla
2.35 Crore,"MPCHS - Block F, MPCHS - Multi Gardens",5,5,5 Marla
2 Crore,"MPCHS - Block F, MPCHS - Multi Gardens",3,4,5 Marla
2.5 Crore,"MPCHS - Block F, MPCHS - Multi Gardens",4,5,5 Marla
3.96 Crore,"Faisal Margalla City, B-17",6,6,8 Marla
6.3 Crore,"DHA Phase 1 - Sector F, DHA Defence Phase 1",5,6,12 Marla
4.1 Crore,"G-13, Islamabad",4,4,4 Marla
3.7 Crore,"Bahria Enclave - Sector N, Bahria Enclave",5,5,8 Marla
4.35 Crore,"Bahria Enclave - Sector C1, Bahria Enclave",5,5,10 Marla
2.35 Crore,"Bahria Enclave - Sector N, Bahria Enclave",3,5,5 Marla
11.95 Crore,"DHA Defence Phase 2, DHA Defence",5,6,1 Kanal
2.15 Crore,"Bani Gala, Islamabad",5,6,7 Marla
4.2 Crore,"Gulberg Residencia - Block F, Gulberg Residencia",5,7,7 Marla
2.35 Crore,"Margalla View Housing Society, D-17",4,6,7 Marla
4.1 Crore,"Margalla View Housing Society, D-17",5,6,10 Marla
1.25 Crore,"Bhara kahu, Islamabad",2,2,8.5 Marla
5.95 Crore,"G-13, Islamabad",5,6,7 Marla
12.2 Crore,"DHA Defence Phase 2, DHA Defence",5,6,1 Kanal
11.49 Crore,"DHA Defence Phase 2, DHA Defence",5,7,1 Kanal
4 Crore,"MPCHS - Multi Gardens, B-17",6,6,5 Marla
4 Crore,"B-17, Islamabad",6,6,5 Marla
18 Crore,"D-12/4, D-12",5,5,1 Kanal
2.6 Crore,"Mumtaz City - Chanab Block, Mumtaz City",4,6,5.6 Marla
5.85 Crore,"G-13, Islamabad",5,6,8 Marla
2.4 Crore,"Bahria Enclave - Sector B1, Bahria Enclave",5,6,5 Marla
2.8 Crore,"Bahria Enclave - Sector B1, Bahria Enclave",3,5,5 Marla
23 Crore,"F-6, Islamabad",5,5,17.8 Marla
8.35 Crore,"F-10, Islamabad",3,4,8.7 Marla
2.75 Crore,"Bahria Enclave - Sector B1, Bahria Enclave",3,6,5 Marla
13.7 Crore,"DHA Defence Phase 2, DHA Defence",5,6,1 Kanal
11.9 Crore,"DHA Defence Phase 2, DHA Defence",5,6,1 Kanal
6.75 Crore,"DHA Defence Phase 2, DHA Defence",5,6,10 Marla
3.1 Crore,"Bahria Enclave - Sector B1, Bahria Enclave",3,4,5 Marla
2.6 Crore,"Bahria Enclave - Sector N, Bahria Enclave",3,4,5 Marla
12.7 Crore,"DHA Defence Phase 2, DHA Defence",5,6,1 Kanal
12.5 Crore,"DHA Defence Phase 2, DHA Defence",5,6,1 Kanal
10.5 Crore,"DHA Defence Phase 2, DHA Defence",5,6,1 Kanal
11 Crore,"G-13, Islamabad",6,6,14 Marla
4 Crore,"Telegardens (T&T ECHS), F-17",7,7,10 Marla
15 Crore,"G-9, Islamabad",8,6,12 Marla
11.5 Crore,"DHA Defence Phase 2, DHA Defence",5,6,1 Kanal
4.25 Crore,"Fazaia Housing Scheme Block F, Fazaia Housing Scheme",5,6,10 Marla
11 Crore,"Bahria Enclave - Sector C, Bahria Enclave",6,7,1 Kanal
12.7 Crore,"DHA Phase 2 - Sector A, DHA Defence Phase 2",5,7,1 Kanal
1.4 Crore,"Airport Green Garden - Block A, Airport Green Garden",2,3,5 Marla
3.4 Crore,"Jinnah Gardens Phase 1, Jinnah Gardens",4,7,7 Marla
2.4 Crore,"Jinnah Gardens Phase 1, Jinnah Gardens",2,3,7 Marla
3.75 Crore,"Jinnah Gardens Phase 1, Jinnah Gardens",7,6,7 Marla
6 Crore,"Jinnah Gardens Phase 1, Jinnah Gardens",6,7,12 Marla
6.75 Crore,"DHA Defence Phase 2, DHA Defence",5,6,10 Marla
13 Crore,"DHA Defence Phase 2, DHA Defence",5,6,1 Kanal
45 Crore,"F-8, Islamabad",6,6,17.8 Marla
4 Arab,"F-7, Islamabad",8,,4 Kanal
4.3 Crore,"G-10/4, G-10",4,5,3.5 Marla
17 Crore,"G-9, Islamabad",9,7,14.7 Marla
55 Crore,"F-7/3, F-7",6,6,1.1 Kanal
16.5 Crore,"G-9, Islamabad",7,6,16 Marla
14.5 Crore,"D-12, Islamabad",6,6,14 Marla
11.9 Crore,"DHA Defence Phase 2, DHA Defence",6,6,1 Kanal
4.5 Crore,"DHA Phase 5 - Sector F, DHA Defence Phase 5",5,5,8 Marla
11.65 Crore,"DHA Defence Phase 2, DHA Defence",6,6,1 Kanal
10 Crore,"DHA Phase 2 - Sector D, DHA Defence Phase 2",6,7,1 Kanal
2.4 Crore,"Jinnah Gardens Phase 1, Jinnah Gardens",2,3,8 Marla
2.15 Crore,"Bani Gala, Islamabad",5,6,6 Marla
17 Crore,"Park Enclave, Islamabad",5,6,1 Kanal
4.8 Crore,"I-10, Islamabad",5,5,6 Marla
24.5 Crore,"F-6, Islamabad",4,,1 Kanal
13.5 Crore,"DHA Defence Phase 2, DHA Defence",5,6,1 Kanal
2.4 Crore,"Bahria Enclave - Sector N, Bahria Enclave",3,4,5 Marla
5.8 Crore,"I-11/2, I-11",8,6,8 Marla
7.25 Crore,"Jinnah Gardens Phase 1, Jinnah Gardens",7,7,12 Marla
10 Crore,"DHA Defence Phase 5, DHA Defence",6,6,1 Kanal
6.85 Crore,"G-11/3, G-11",5,5,8 Marla
16 Crore,"F-11, Islamabad",6,6,1 Kanal
6.75 Crore,"G-9/4, G-9",5,5,6.7 Marla
14.5 Crore,"G-9/3, G-9",9,6,14 Marla
15 Crore,"F-11/2, F-11",5,5,1.3 Kanal
75 Crore,"F-8/1, F-8",7,7,3.6 Kanal
2.7 Crore,"Bahria Enclave - Sector N, Bahria Enclave",4,5,5 Marla
10.9 Crore,"DHA Defence Phase 2, DHA Defence",5,6,1 Kanal
14.9 Crore,"DHA Defence Phase 2, DHA Defence",5,6,1 Kanal
7.5 Crore,"Jinnah Gardens Phase 1, Jinnah Gardens",7,6,1 Kanal
1.25 Crore,"Roshan Pakistan Scheme, E-16/1",,,8 Marla
8.8 Crore,"DHA Defence Phase 2, DHA Defence",6,6,1 Kanal
7.45 Crore,"DHA Defence Phase 2, DHA Defence",5,6,12 Marla
27 Crore,"F-7, Islamabad",5,5,1.3 Kanal
11.7 Crore,"DHA Phase 2 - Sector E, DHA Defence Phase 2",7,7,1 Kanal
12.2 Crore,"DHA Phase 2 - Sector B, DHA Defence Phase 2",5,6,1 Kanal
3.65 Crore,"Faisal Town - F-18, Islamabad",4,4,8 Marla
5.25 Crore,"CBR Town Phase 1 - Block C, CBR Town Phase 1",7,7,14 Marla
4.15 Crore,"G-13, Islamabad",4,4,4 Marla
4.3 Crore,"MPCHS - Multi Gardens, B-17",5,6,8 Marla
10.25 Crore,"D-12, Islamabad",7,6,8 Marla
11.5 Crore,"D-12, Islamabad",6,6,10 Marla
22 Crore,"F-11, Islamabad",6,6,1.3 Kanal
1.6 Crore,"Jinnah Gardens Phase 1, Jinnah Gardens",2,2,5 Marla
9.25 Crore,"DHA Defence Phase 2, DHA Defence",6,6,1 Kanal
10.9 Crore,"DHA Phase 2 - Sector F, DHA Defence Phase 2",6,6,1 Kanal
22 Crore,"DHA Defence Phase 1, DHA Defence",5,6,2 Kanal
12.8 Crore,"DHA Defence Phase 2, DHA Defence",5,6,1 Kanal
13.9 Crore,"DHA Defence Phase 2, DHA Defence",5,6,1 Kanal
11.9 Crore,"DHA Defence Phase 2, DHA Defence",6,6,1 Kanal
2.2 Crore,"Bahria Enclave - Sector N, Bahria Enclave",3,5,5 Marla
5.5 Crore,"Bahria Enclave, Bahria Town",5,6,10 Marla
2.4 Crore,"Bahria Enclave - Sector N, Bahria Enclave",3,5,5 Marla
2.6 Crore,"Bahria Enclave - Sector N, Bahria Enclave",4,5,5 Marla
4.25 Crore,"Gulberg Residencia - Block F, Gulberg Residencia",5,5,7 Marla
45 Crore,"F-7, Islamabad",5,6,2 Kanal
19.9 Crore,"F-6, Islamabad",5,6,16 Marla
34.5 Crore,"F-6, Islamabad",5,6,1.3 Kanal
4.25 Crore,"D-12/3, D-12",4,4,4 Marla
11.8 Crore,"DHA Defence Phase 2, DHA Defence",6,6,1 Kanal
70 Crore,"F-7/3, F-7",5,5,2.5 Kanal
19.5 Crore,"D-12, Islamabad",6,7,1 Kanal
2.9 Crore,"I-14/3, I-14",4,4,5 Marla
9.4 Crore,"MPCHS - Block B Extension 1, MPCHS - Multi Gardens",6,6,1 Kanal
4.3 Crore,"MPCHS - Multi Gardens, B-17",6,6,8 Marla
16.5 Crore,"D-12, Islamabad",6,6,14 Marla
14.5 Crore,"D-12, Islamabad",7,6,14 Marla
13.5 Crore,"DHA Defence Phase 2, DHA Defence",6,6,1 Kanal
12.5 Crore,"DHA Defence Phase 2, DHA Defence",5,6,1 Kanal
3.95 Crore,"G-13, Islamabad",4,5,4 Marla
9.75 Crore,"E-11, Islamabad",6,,16 Marla
8.5 Crore,"D-12/1, D-12",4,5,10 Marla
6.8 Crore,"G-13/3, G-13",5,7,7 Marla
7 Crore,"G-13, Islamabad",5,6,7 Marla
13.5 Crore,"DHA Phase 2 - Sector F, DHA Defence Phase 2",8,6,1 Kanal
4.25 Crore,"Bahria Enclave - Sector C1, Bahria Enclave",5,6,10 Marla
4.4 Crore,"Bahria Enclave - Sector C1, Bahria Enclave",5,6,10 Marla
5.15 Crore,"Bahria Enclave - Sector C1, Bahria Enclave",5,6,10 Marla
4.4 Crore,"Bahria Enclave - Sector C1, Bahria Enclave",5,6,10 Marla
4.75 Crore,"Bahria Enclave - Sector C1, Bahria Enclave",5,6,10 Marla
75 Crore,"E-7, Islamabad",6,7,1.6 Kanal
35 Crore,"F-10, Islamabad",7,,2 Kanal
18 Crore,"F-10, Islamabad",7,6,1.2 Kanal
90 Crore,"F-7, Islamabad",6,6,4 Kanal
8.35 Crore,"D-12/4, D-12",7,6,8 Marla
3.95 Crore,"D-12/3, D-12",4,4,5.6 Marla
34 Crore,"G-11, Islamabad",,,2 Kanal
3 Crore,"G-16/4, G-16",5,6,8 Marla
2.8 Crore,"Pakistan Town - Phase 1, Pakistan Town",3,4,12 Marla
3.15 Crore,"Jinnah Gardens Phase 1, Jinnah Gardens",5,6,8 Marla
12 Crore,"D-12, Islamabad",6,6,10 Marla
4.5 Crore,"D-12, Islamabad",4,4,4.4 Marla
6.5 Crore,"E-11, Islamabad",5,5,10 Marla
50 Crore,"F-7, Islamabad",6,6,2 Kanal
5.65 Crore,"E-11, Islamabad",5,6,6 Marla
13.8 Crore,"G-10/2, G-10",4,4,1.1 Kanal
7.4 Crore,"E-11, Islamabad",5,5,8 Marla
5 Crore,"Bahria Enclave - Sector C1, Bahria Enclave",4,6,10 Marla
3.35 Crore,"Jinnah Gardens Phase 1, Jinnah Gardens",4,5,7 Marla
8.4 Crore,"G-13, Islamabad",6,6,10 Marla
7.45 Crore,"G-9/4, G-9",5,6,6.7 Marla
10.5 Crore,"DHA Defence Phase 5, DHA Defence",5,5,1 Kanal
14.75 Crore,"DHA Defence Phase 2, DHA Defence",6,6,1 Kanal
1.6 Crore,"Park View - Block J, Park View City",4,5,5 Marla
16.5 Crore,"G-11, Islamabad",6,6,1 Kanal
2.1 Crore,"MPCHS - Block F, MPCHS - Multi Gardens",4,6,5 Marla
3.5 Crore,"MPCHS - Block C, MPCHS - Multi Gardens",4,6,8 Marla
4.3 Crore,"MPCHS - Block C, MPCHS - Multi Gardens",4,6,8 Marla
4.6 Crore,"Top City 1 - Block A, Top City 1",5,6,10 Marla
13.75 Crore,"DHA Phase 2 - Sector B, DHA Defence Phase 2",5,6,1 Kanal
24 Crore,"Park Enclave 1, Park Enclave",6,6,1 Kanal
5.35 Crore,"AGOCHS Phase 1, AGOCHS",4,4,1 Kanal
4 Crore,"I-14/4, I-14",4,4,7 Marla
6.9 Crore,"Naval Anchorage, Islamabad",8,6,14 Marla
5.35 Crore,"D-12, Islamabad",4,4,5 Marla
6.75 Crore,"DHA Defence Phase 2, DHA Defence",5,5,10 Marla
14 Crore,"E-11, Islamabad",8,,1 Kanal
12.7 Crore,"G-13/2, G-13",7,,14.2 Marla
11.25 Crore,"G-13/2, G-13",7,,14.2 Marla
4.7 Crore,"Faisal Town - F-18, Islamabad",6,6,10 Marla
3.85 Crore,"Faisal Town - F-18, Islamabad",6,6,8 Marla
11.75 Crore,"DHA Defence Phase 2, DHA Defence",5,6,1 Kanal
13.75 Crore,"DHA Defence Phase 2, DHA Defence",5,6,1 Kanal
12 Crore,"DHA Defence Phase 2, DHA Defence",6,6,1 Kanal
6.25 Crore,"G-15/1, G-15",7,6,14 Marla
39 Lakh,"Tarnol, Islamabad",2,1,4 Marla
11.5 Crore,"DHA Phase 2 - Sector C, DHA Defence Phase 2",6,7,1 Kanal
13.95 Crore,"DHA Phase 2 - Sector B, DHA Defence Phase 2",8,7,1 Kanal
7.75 Crore,"DHA Phase 2 - Sector D, DHA Defence Phase 2",6,7,1 Kanal
5.4 Crore,"Bahria Enclave - Sector C1, Bahria Enclave",5,5,10 Marla
2.9 Crore,"Bahria Enclave - Sector G, Bahria Enclave",3,4,5 Marla
12.5 Crore,"G-10/2, G-10",8,6,12 Marla
4.65 Crore,"D-12/3, D-12",3,5,4 Marla
4.75 Crore,"D-12/1, D-12",3,4,4 Marla
1.4 Crore,"Gulshan-e-Sehat 1, E-18",2,3,8 Marla
3.5 Crore,"Gulshan-e-Sehat 1, E-18",6,6,10 Marla
4.3 Crore,"G-13/1, G-13",5,5,4 Marla
3.5 Crore,"Faisal Margalla City, B-17",5,4,10 Marla
21 Crore,"F-11, Islamabad",6,6,1.3 Kanal
12.5 Crore,"DHA Defence Phase 2, DHA Defence",5,6,1 Kanal
3.4 Crore,"MPCHS - Block D, MPCHS - Multi Gardens",6,6,8 Marla
3.7 Crore,"Faisal Town - F-18, Islamabad",5,6,8 Marla
3.85 Crore,"I-10, Islamabad",5,5,6 Marla
3.6 Crore,"I-10, Islamabad",4,4,4 Marla
3.5 Crore,"I-10, Islamabad",5,4,4 Marla
3.6 Crore,"I-10, Islamabad",5,4,4 Marla
11.9 Crore,"DHA Phase 2 - Sector B, DHA Defence Phase 2",5,7,1 Kanal
5.5 Crore,"Soan Garden, Islamabad",7,6,1 Kanal
3.1 Crore,"Jinnah Gardens, FECHS",5,6,8 Marla
3.45 Crore,"Jinnah Gardens, FECHS",5,6,8 Marla
3.3 Crore,"Jinnah Gardens, FECHS",5,6,8 Marla
4.25 Crore,"PWD Housing Scheme, Islamabad",5,6,10 Marla
3.4 Crore,"Jinnah Gardens, FECHS",5,6,8 Marla
6 Crore,"CBR Town, Islamabad",7,6,14.2 Marla
8.75 Crore,"D-12/2, D-12",4,6,8 Marla
6.25 Crore,"Eighteen, Kashmir Highway",4,5,16 Marla
4.5 Crore,"G-9, Islamabad",4,5,6 Marla
4.15 Crore,"Top City 1, Islamabad",5,6,10 Marla
1.35 Crore,"Mumtaz City, Islamabad",2,3,5 Marla
15.1 Crore,"F-11/3, F-11",4,4,18 Marla
42 Crore,"F-8, Islamabad",6,6,2 Kanal
4.75 Crore,"D-12, Islamabad",3,3,4 Marla
1.8 Crore,"Ghauri Town Phase 4A, Ghauri Town",4,5,5 Marla
3.75 Crore,"DHA Phase 1 - Sector F, DHA Defence Phase 1",3,4,11 Marla
15 Crore,"DHA Defence Phase 2, DHA Defence",8,6,1.5 Kanal
10 Crore,"DHA Phase 2 - Sector D, DHA Defence Phase 2",6,6,1 Kanal
2.8 Crore,"Gulberg Residencia, Gulberg",4,4,5 Marla
4 Crore,"Margalla View Society - Block A, Margalla View Housing Society",5,6,10 Marla
8.25 Crore,"E-11/1, E-11",6,6,11 Marla
3.2 Crore,"G-13, Islamabad",4,4,4 Marla
2.65 Crore,"Soan Garden - Block B, Soan Garden",5,6,6 Marla
1.2 Crore,"Zamar Valley, Kashmir Highway",3,3,4.5 Marla
1.05 Crore,"Bani Gala, Islamabad",2,3,5 Marla
4 Crore,"Soan Garden, Islamabad",4,4,15 Marla
10.75 Crore,"DHA Phase 2 - Sector G, DHA Defence Phase 2",5,7,1 Kanal
11.49 Crore,"DHA Phase 2 - Sector D, DHA Defence Phase 2",5,7,1 Kanal
32 Crore,"F-6/2, F-6",5,,1.1 Kanal
10 Crore,"DHA Phase 2 - Sector D, DHA Defence Phase 2",6,7,1 Kanal
3.15 Crore,"Jinnah Gardens Phase 1, Jinnah Gardens",5,6,7 Marla
3.65 Crore,"I-11, Islamabad",5,5,5 Marla
9 Crore,"E-11, Islamabad",7,6,16 Marla
9.5 Crore,"G-9, Islamabad",6,6,14.2 Marla
32 Crore,"F-11, Islamabad",8,,1.3 Kanal
11.5 Crore,"DHA Defence Phase 2, DHA Defence",5,6,1 Kanal
4.8 Crore,"Zaraj Scheme - Sector C, Zaraj Housing Scheme",5,5,10 Marla
12 Crore,"G-13, Islamabad",6,7,14.2 Marla
5.7 Crore,"G-13, Islamabad",5,6,8 Marla
3.1 Crore,"Bahria Enclave - Sector B1, Bahria Enclave",3,3,5 Marla
1.9 Crore,"Soan Garden, Islamabad",3,4,10 Marla
10.9 Crore,"DHA Phase 2 - Sector B, DHA Defence Phase 2",10,6,1 Kanal
2.1 Crore,"MPCHS - Block F, MPCHS - Multi Gardens",4,4,5 Marla
27.5 Crore,"F-8, Islamabad",7,7,1 Kanal
15 Crore,"D-12, Islamabad",7,7,14.2 Marla
8.5 Crore,"G-13, Islamabad",7,7,10.9 Marla
10.5 Crore,"G-13, Islamabad",7,7,14.2 Marla
6.5 Crore,"PWD Housing Scheme, Islamabad",6,6,12 Marla
32.5 Crore,"F-10, Islamabad",7,,2 Kanal
31 Crore,"F-6, Islamabad",,,1.9 Kanal
35 Crore,"F-10/4, F-10",6,7,2 Kanal
60 Crore,"F-7/3, F-7",6,7,1.3 Kanal
45 Crore,"F-7/1, F-7",6,7,1.3 Kanal
38 Crore,"F-11/3, F-11",6,6,1.8 Kanal
40 Crore,"F-11/4, F-11",6,7,2 Kanal
72 Crore,"E-7, Islamabad",6,7,1.6 Kanal
19 Crore,"I-8, Islamabad",7,,14.2 Marla
5 Crore,"F-17, Islamabad",6,6,1 Kanal
11.5 Crore,"D-12, Islamabad",5,6,10 Marla
6.25 Crore,"Bahria Enclave - Sector C1, Bahria Enclave",5,6,10 Marla
3.5 Crore,"MPCHS - Block E, MPCHS - Multi Gardens",4,4,8 Marla
3.65 Crore,"G-13, Islamabad",4,4,4 Marla
5.6 Crore,"G-13/2, G-13",6,6,8 Marla
1.3 Arab,"F-6/2, F-6",11,7,4.8 Kanal
23 Crore,"F-8, Islamabad",4,5,1 Kanal
27.25 Crore,"F-8, Islamabad",5,5,1.3 Kanal
13.5 Crore,"DHA Defence Phase 2, DHA Defence",6,6,1 Kanal
13.9 Crore,"DHA Defence Phase 2, DHA Defence",5,6,1 Kanal
6.25 Crore,"Margalla Town Phase 1, Margalla Town",6,6,9 Marla
50 Crore,"F-6/4, F-6",6,6,2.1 Kanal
3.9 Crore,"G-14/4, G-14",4,5,4 Marla
6.5 Crore,"G-13, Islamabad",6,6,8 Marla
3.55 Crore,"G-13/1, G-13",4,3,4 Marla
32 Crore,"F-11/4, F-11",9,7,1 Kanal
1.75 Arab,"F-8, Islamabad",8,6,4 Kanal
24 Crore,"F-11/2, F-11",6,7,1.3 Kanal
1.15 Arab,"F-7, Islamabad",6,6,2.1 Kanal
45 Crore,"F-10/4, F-10",7,7,2 Kanal
28 Crore,"F-10, Islamabad",5,7,1 Kanal
32 Crore,"F-8/3, F-8",5,5,1.1 Kanal
19.5 Crore,"F-11/4, F-11",6,6,1 Kanal
4 Crore,"D-12/3, D-12",,,4 Marla
10.5 Crore,"D-12/1, D-12",7,6,8 Marla
12.2 Crore,"DHA Defence Phase 2, DHA Defence",6,6,1 Kanal
4.65 Crore,"D-12/1, D-12",3,4,4 Marla
2.9 Crore,"E-16/3, E-16",5,6,10 Marla
2.3 Crore,"Gulshan-e-Sehat 1 - Block D, Gulshan-e-Sehat 1",6,6,7 Marla
4.55 Crore,"Top City 1, Islamabad",6,6,10 Marla
4.8 Crore,"Bahria Enclave, Bahria Town",5,6,10 Marla
5.5 Crore,"Bahria Enclave, Bahria Town",5,6,10 Marla
3.5 Crore,"Bani Gala, Islamabad",6,6,7 Marla
3.75 Crore,"MPCHS - Block C1, MPCHS - Multi Gardens",5,5,8 Marla
3.5 Crore,"MPCHS - Block E, MPCHS - Multi Gardens",6,6,10 Marla
3.5 Crore,"G-14/4, G-14",4,4,4 Marla
2.9 Crore,"G-13/4, G-13",4,4,4 Marla
7.1 Crore,"G-13/2, G-13",5,6,8 Marla
3.7 Crore,"G-14/4, G-14",4,5,4 Marla
3.15 Crore,"G-13/1, G-13",4,4,4 Marla
32 Crore,"F-11, Islamabad",7,7,1 Kanal
70 Crore,"G-6/3, G-6",6,7,3.3 Kanal
9.7 Crore,"F-11/2, F-11",7,7,9.3 Marla
1 Arab,"F-7/4, F-7",11,7,4 Kanal
40 Crore,"F-7/1, F-7",9,7,1 Kanal
50 Crore,"G-6, Islamabad",6,7,2.4 Kanal
1.35 Arab,"F-7/4, F-7",11,7,4 Kanal
3.8 Crore,"G-16/4, G-16",5,6,7 Marla
6.5 Crore,"MPCHS - Block B, MPCHS - Multi Gardens",6,7,14 Marla
2.32 Crore,"Mumtaz City, Islamabad",5,6,5 Marla
1.82 Crore,"Mumtaz City, Islamabad",4,5,5 Marla
4.8 Crore,"Top City 1, Islamabad",,,10 Marla
20 Crore,"G-14, Islamabad",8,7,1.3 Kanal
2.45 Crore,"Mumtaz City, Islamabad",5,7,5.6 Marla
8.5 Crore,"Bahria Town, Islamabad",6,6,1 Kanal
3.35 Crore,"G-13/1, G-13",4,5,4 Marla
3.5 Crore,"G-13/4, G-13",4,5,4.4 Marla
4.5 Crore,"G-14/4, G-14",5,5,5 Marla
14.9 Crore,"DHA Defence Phase 2, DHA Defence",5,6,1 Kanal
10 Crore,"DHA Defence Phase 2, DHA Defence",5,6,1 Kanal
9.95 Crore,"DHA Defence Phase 2, DHA Defence",5,6,1 Kanal
13.5 Crore,"DHA Defence Phase 2, DHA Defence",5,6,1 Kanal
11.5 Crore,"DHA Defence Phase 2, DHA Defence",6,6,1 Kanal
12.5 Crore,"DHA Defence Phase 2, DHA Defence",5,6,1 Kanal
6.75 Crore,"D-12, Islamabad",3,3,4 Marla
2.7 Crore,"MPCHS - Multi Gardens, B-17",4,5,5 Marla
9.5 Crore,"Naval Anchorage, Islamabad",6,6,1 Kanal
2.35 Crore,"MPCHS - Multi Gardens, B-17",4,5,5 Marla
6.5 Crore,"G-13, Islamabad",4,4,7 Marla
2.3 Crore,"MPCHS - Multi Gardens, B-17",4,5,5 Marla
2.8 Crore,"MPCHS - Multi Gardens, B-17",4,5,5 Marla
2.5 Crore,"MPCHS - Multi Gardens, B-17",4,5,5 Marla
2.25 Crore,"MPCHS - Multi Gardens, B-17",4,5,5 Marla
5.9 Crore,"Bahria Enclave - Sector C1, Bahria Enclave",5,6,10 Marla
3.05 Crore,"Mumtaz City, Islamabad",5,6,8 Marla
4.65 Crore,"Top City 1, Islamabad",,,10 Marla
17 Crore,"F-10/4, F-10",,,1 Kanal
36 Crore,"F-10/4, F-10",,,2 Kanal
3.15 Crore,"G-13/1, G-13",4,4,4 Marla
7.25 Crore,"G-10, Islamabad",5,7,7 Marla
18 Crore,"G-9, Islamabad",7,7,12 Marla
9.3 Crore,"DHA Defence Phase 5, DHA Defence",6,6,1 Kanal
65 Crore,"F-6, Islamabad",9,6,2 Kanal
2.7 Crore,"Bahria Enclave - Sector H, Bahria Enclave",3,4,5 Marla
2.47 Crore,"Bahria Enclave - Sector N, Bahria Enclave",3,4,5 Marla
4.5 Crore,"D-12, Islamabad",3,4,4 Marla
13 Crore,"D-12, Islamabad",5,6,10 Marla
5.75 Crore,"D-12, Islamabad",4,4,5 Marla
10 Crore,"D-12, Islamabad",4,5,8 Marla
3.9 Crore,"D-12, Islamabad",3,4,4 Marla
2.5 Crore,"MPCHS - Multi Gardens, B-17",4,5,5 Marla
10.85 Crore,"G-13, Islamabad",6,7,14 Marla
6.75 Crore,"Soan Garden, Islamabad",6,6,1 Kanal
9.3 Crore,"G-13, Islamabad",6,7,10 Marla
8.15 Crore,"G-13, Islamabad",6,7,10 Marla
8 Crore,"G-16/4, G-16",6,6,1 Kanal
3.1 Crore,"I-14, Islamabad",5,6,6 Marla
2.98 Crore,"I-14, Islamabad",5,6,6 Marla
8.5 Crore,"G-13, Islamabad",,,10.9 Marla
16.5 Crore,"D-12, Islamabad",9,6,1 Kanal
4.8 Crore,"D-12/1, D-12",3,4,4 Marla
26 Crore,"D-12/4, D-12",8,,1 Kanal
5.1 Crore,"Bahria Enclave - Sector C1, Bahria Enclave",5,5,10 Marla
19 Crore,"D-12/2, D-12",7,6,1 Kanal
5.65 Crore,"Bahria Enclave, Bahria Town",5,6,10 Marla
75 Lakh,"Burma Town, Islamabad",2,2,5 Marla
1.65 Crore,"Oleander Sector - DHA Homes Block A, DHA Valley - Oleander Sector",3,3,8 Marla
3.4 Crore,"G-13, Islamabad",4,5,4.4 Marla
26 Crore,"Eighteen, Kashmir Highway",,,4 Kanal
65 Crore,"E-7, Islamabad",,,2 Kanal
11.5 Crore,"D-12, Islamabad",5,6,10 Marla
2.85 Crore,"Naval Anchorage - Block G, Naval Anchorage",4,4,5 Marla
16.5 Crore,"F-10, Islamabad",5,6,1 Kanal
25 Crore,"F-8, Islamabad",5,6,1.1 Kanal
65 Crore,"F-8, Islamabad",10,6,4 Kanal
3.7 Crore,"Jinnah Gardens, FECHS",4,6,8 Marla
3.4 Crore,"Jinnah Gardens, FECHS",5,6,8 Marla
2.6 Crore,"Naval Anchorage, Islamabad",4,5,5 Marla
8.5 Crore,"Naval Anchorage, Islamabad",6,6,1 Kanal
5 Crore,"G-13, Islamabad",4,5,4 Marla
5.25 Crore,"Soan Garden, Islamabad",3,4,1 Kanal
3.7 Crore,"Top City 1, Islamabad",5,6,10 Marla
4.6 Crore,"Top City 1, Islamabad",5,6,10 Marla
5.3 Crore,"D-12, Islamabad",4,4,5 Marla
5.15 Crore,"G-13/2, G-13",6,7,8 Marla
3.29 Crore,"G-13/1, G-13",5,5,4 Marla
2.65 Crore,"MPCHS - Block F, MPCHS - Multi Gardens",6,6,8 Marla
3.9 Crore,"Bahria Enclave, Bahria Town",5,6,10 Marla
3 Crore,"Soan Garden, Islamabad",4,4,8 Marla
2.5 Crore,"I-10/1, I-10",7,4,4 Marla
1.35 Crore,"Oleander Sector - DHA Homes Block A, DHA Valley - Oleander Sector",3,3,8 Marla
5.25 Crore,"G-11, Islamabad",5,5,5 Marla
3 Crore,"CBR Town Phase 1 - Block C, CBR Town Phase 1",4,6,7 Marla
1.3 Crore,"Oleander Sector - DHA Homes Block A, DHA Valley - Oleander Sector",3,4,8 Marla
23 Crore,"Eighteen, Kashmir Highway",,,2 Kanal
29 Crore,"F-7, Islamabad",6,6,1.3 Kanal
3.45 Crore,"Jinnah Gardens Phase 1, Jinnah Gardens",5,6,8 Marla
2.4 Crore,"Jinnah Gardens Phase 1, Jinnah Gardens",2,3,8 Marla
3.15 Crore,"Jinnah Gardens Phase 1, Jinnah Gardens",5,6,8 Marla
3.4 Crore,"Jinnah Gardens Phase 1, Jinnah Gardens",5,6,8 Marla
10.75 Crore,"DHA Defence Phase 2, DHA Defence",5,6,1 Kanal
11.9 Crore,"DHA Defence Phase 2, DHA Defence",5,6,1 Kanal
13.5 Crore,"DHA Defence Phase 2, DHA Defence",6,6,1 Kanal
2.3 Crore,"MPCHS - Block F, MPCHS - Multi Gardens",4,5,5 Marla
3.3 Crore,"B-17, Islamabad",4,4,8 Marla
2.2 Crore,"MPCHS - Block F, MPCHS - Multi Gardens",4,4,5 Marla
2.1 Crore,"Faisal Margalla City, B-17",4,4,5 Marla
2.25 Crore,"MPCHS - Multi Gardens, B-17",2,3,8 Marla
6.3 Crore,"Fazaia Housing Scheme Block B, Fazaia Housing Scheme",7,,1.2 Kanal
15.9 Crore,"G-13/2, G-13",6,6,1 Kanal
4.6 Crore,"Bahria Enclave, Bahria Town",5,6,10 Marla
12.5 Crore,"DHA Phase 2 - Sector H, DHA Defence Phase 2",5,7,1 Kanal
16.5 Crore,"E-11/2, E-11",,,1 Kanal
18 Crore,"G-9/1, G-9",5,6,14 Marla
4.15 Crore,"Top City 1 - Block A, Top City 1",5,6,10 Marla
55 Lakh,"I-16/3, I-16",2,2,4.1 Marla
5.15 Crore,"E-11, Islamabad",7,,6 Marla
4 Crore,"Shehzad Town, Islamabad",4,4,8 Marla
13.95 Crore,"Eighteen, Kashmir Highway",,,1 Kanal
25 Crore,"Eighteen, Kashmir Highway",,,2 Kanal
5.8 Crore,"Emaar Canyon Views, Islamabad",5,5,10 Marla
6.5 Crore,"DHA Defence Phase 5, DHA Defence",5,5,10 Marla
85 Crore,"E-7, Islamabad",10,6,2 Kanal
6.85 Crore,"G-11/3, G-11",4,4,8 Marla
1.75 Crore,"Bani Gala, Islamabad",5,6,5 Marla
5.8 Crore,"MPCHS - Block B, MPCHS - Multi Gardens",6,6,12 Marla
2.1 Crore,"MPCHS - Block F, MPCHS - Multi Gardens",4,4,5 Marla
2.8 Crore,"MPCHS - Block C1, MPCHS - Multi Gardens",4,6,5 Marla
2.2 Crore,"MPCHS - Block F, MPCHS - Multi Gardens",4,4,5 Marla
2.5 Crore,"MPCHS - Block F, MPCHS - Multi Gardens",4,4,5 Marla
2.2 Crore,"MPCHS - Block F, MPCHS - Multi Gardens",4,4,5 Marla
2.65 Crore,"MPCHS - Block E, MPCHS - Multi Gardens",4,6,8 Marla
5.5 Crore,"MPCHS - Block C, MPCHS - Multi Gardens",5,6,12.4 Marla
3.6 Crore,"B-17, Islamabad",5,6,8 Marla
4.3 Crore,"Top City 1 - Block D, Top City 1",6,6,10 Marla
13.9 Crore,"DHA Phase 2 - Sector B, DHA Defence Phase 2",5,6,1 Kanal
36 Crore,"F-6, Islamabad",6,6,1.1 Kanal
17.5 Crore,"G-13, Islamabad",6,6,1 Kanal
9 Crore,"Emaar Canyon Views, Islamabad",5,5,1.3 Kanal
3.5 Crore,"Bahria Enclave - Sector N, Bahria Enclave",5,6,8 Marla
5.75 Crore,"Bahria Enclave, Bahria Town",5,6,10 Marla
3.9 Crore,"MPCHS - Block E, MPCHS - Multi Gardens",4,6,10 Marla
35.5 Crore,"F-10, Islamabad",6,6,2.1 Kanal
12.2 Crore,"DHA Defence Phase 2, DHA Defence",7,6,1 Kanal
28.5 Crore,"D-12, Islamabad",8,6,1 Kanal
2.2 Crore,"Bani Gala, Islamabad",4,6,6 Marla
4.5 Crore,"Bani Gala, Islamabad",5,6,11 Marla
1.4 Crore,"Bani Gala, Islamabad",3,4,5 Marla
1 Crore,"Bani Gala, Islamabad",3,3,4 Marla
15 Crore,"F-6, Islamabad",3,4,10 Marla
2.8 Crore,"MPCHS - Block F, MPCHS - Multi Gardens",,,5 Marla
2.6 Crore,"MPCHS - Block F, MPCHS - Multi Gardens",6,6,5 Marla
4.5 Crore,"Jinnah Gardens Phase 1, Jinnah Gardens",4,5,10 Marla
2.5 Crore,"Jinnah Gardens, FECHS",4,5,5 Marla
11.5 Crore,"D-12, Islamabad",6,6,10 Marla
27.25 Crore,"F-8/4, F-8",5,5,1.3 Kanal
10.23 Crore,"New Blue Area, Islamabad",,,4.1 Marla
1.35 Crore,"Chatha Bakhtawar, Islamabad",3,3,5 Marla
3.5 Crore,"Bahria Enclave, Bahria Town",5,5,8 Marla
25 Crore,"F-8, Islamabad",5,6,1 Kanal
4.25 Crore,"MPCHS - Block E, MPCHS - Multi Gardens",5,5,8 Marla
27 Crore,"F-7, Islamabad",5,6,1.1 Kanal
9.8 Crore,"DHA Phase 5 - Sector A, DHA Defence Phase 5",6,6,1 Kanal
4.25 Crore,"I-14, Islamabad",5,6,7 Marla
16.5 Crore,"F-10/1, F-10",5,5,1 Kanal
3.9 Crore,"Faisal Town - F-18, Islamabad",5,6,8 Marla
12 Crore,"Bani Gala, Islamabad",7,6,1.1 Kanal
9.45 Crore,"G-13/3, G-13",6,7,10 Marla
13.75 Crore,"DHA Defence Phase 2, DHA Defence",5,7,1 Kanal
13.75 Crore,"DHA Phase 2 - Sector B, DHA Defence Phase 2",5,6,1 Kanal
25.75 Crore,"F-8, Islamabad",4,6,1 Kanal
38 Crore,"F-8/3, F-8",6,,1 Kanal
1.2 Arab,"E-7, Islamabad",10,,2.5 Kanal
10.5 Crore,"DHA Defence Phase 2, DHA Defence",6,6,1 Kanal
7 Crore,"DHA Defence Phase 2, DHA Defence",5,6,10 Marla
4 Crore,"Chak Shahzad, Islamabad",5,6,8 Marla
1.6 Crore,"Kuri Road, Islamabad",5,6,5 Marla
10 Crore,"Green Avenue, Islamabad",6,6,1 Kanal
3.9 Crore,"Green Avenue, Islamabad",5,6,8 Marla
4 Crore,"Kuri Road, Islamabad",6,6,10 Marla
1.95 Crore,"Kuri Road, Islamabad",5,6,5 Marla
9 Crore,"D-12, Islamabad",4,4,8 Marla
1.95 Crore,"Chatha Bakhtawar, Islamabad",6,6,5 Marla
22 Crore,"DHA Phase 5 - Sector A, DHA Defence Phase 5",6,6,1.7 Kanal
4.3 Crore,"Bahria Enclave - Sector G, Bahria Enclave",5,6,8 Marla
2.6 Crore,"MPCHS - Multi Gardens, B-17",5,5,7 Marla
18 Crore,"DHA Defence Phase 2, DHA Defence",5,6,2 Kanal
11.5 Crore,"DHA Phase 2 - Sector G, DHA Defence Phase 2",6,6,1 Kanal
13.25 Crore,"I-8/2, I-8",9,6,12.4 Marla
75 Crore,"E-7, Islamabad",6,7,1.6 Kanal
5.25 Crore,"Bani Gala, Islamabad",7,7,15 Marla
3.85 Crore,"Faisal Town Phase 1 - Block A, Faisal Town Phase 1",5,5,8 Marla
4 Crore,"B-17, Islamabad",4,6,8 Marla
11.5 Crore,"DHA Defence Phase 2, DHA Defence",6,6,1 Kanal
14 Crore,"D-12/4, D-12",6,6,10 Marla
2.2 Crore,"B-17, Islamabad",6,6,8 Marla
10.75 Crore,"G-13, Islamabad",6,6,14 Marla
16 Crore,"G-13/2, G-13",7,7,1 Kanal
5.25 Crore,"G-14/4, G-14",4,4,5 Marla
1.49 Crore,"Oleander Sector - DHA Homes, DHA Valley - Oleander Sector",3,4,8 Marla
3.5 Crore,"Soan Garden, Islamabad",7,6,10 Marla
3 Crore,"National Police Foundation O-9 - Block A, National Police Foundation O-9",6,6,1 Kanal
2.65 Crore,"Soan Garden, Islamabad",6,5,7 Marla
1.65 Crore,"CBR Town Phase 1 - Executive Block, CBR Town Phase 1",3,3,8 Marla
10.75 Crore,"G-13, Islamabad",7,7,14 Marla
4.75 Crore,"G-11, Islamabad",4,4,5.3 Marla
6.35 Crore,"G-13, Islamabad",5,6,8 Marla
4.5 Crore,"G-11, Islamabad",4,5,5.6 Marla
33 Crore,"F-8/3, F-8",6,6,1.2 Kanal
45 Crore,"F-8, Islamabad",9,7,2 Kanal
35 Crore,"F-10, Islamabad",8,7,2 Kanal
5.5 Crore,"G-9, Islamabad",5,5,6 Marla
5.5 Crore,"G-9, Islamabad",4,4,6 Marla
5 Crore,"G-14/4, G-14",5,5,5 Marla
3.45 Crore,"Jinnah Gardens, FECHS",5,6,7 Marla
9.5 Crore,"F-11, Islamabad",5,6,10.9 Marla
2.65 Crore,"Park View - Block B, Park View City",4,5,5 Marla
16.5 Crore,"DHA Defence Phase 2, DHA Defence",6,7,1 Kanal
4.3 Crore,"Park View - Block H, Park View City",4,5,8 Marla
2.65 Crore,"F-17, Islamabad",6,6,8 Marla
7.1 Crore,"G-13/2, G-13",5,7,7 Marla
2.4 Crore,"Bahria Enclave - Sector H, Bahria Enclave",3,3,5 Marla
10 Crore,"Bahria Golf City, Bahria Town",3,4,16 Marla
6.3 Crore,"Bahria Enclave - Sector C2, Bahria Enclave",5,7,10 Marla
3.65 Crore,"G-13/1, G-13",4,5,4 Marla
3.25 Crore,"G-13, Islamabad",4,5,4.4 Marla
9 Crore,"G-13, Islamabad",5,6,10.9 Marla
35 Crore,"F-8, Islamabad",5,6,1.6 Kanal
50 Crore,"F-7, Islamabad",6,6,2.1 Kanal
4.5 Crore,"Bahria Enclave - Sector C1, Bahria Enclave",5,6,10 Marla
4.65 Crore,"Top City 1, Islamabad",6,6,10 Marla
5.8 Crore,"G-11, Islamabad",4,5,5.5 Marla
5.8 Crore,"G-13, Islamabad",4,5,8 Marla
11.5 Crore,"G-9, Islamabad",6,6,14 Marla
11.5 Crore,"G-9, Islamabad",6,6,12 Marla
5.5 Crore,"Emaar Canyon Views, Islamabad",5,6,10 Marla
5.7 Crore,"G-10/4, G-10",4,4,6.6 Marla
34 Crore,"F-10/4, F-10",6,6,2 Kanal
2.7 Crore,"Bani Gala, Islamabad",4,6,8 Marla
4.5 Crore,"G-14/4, G-14",4,5,4 Marla
3.4 Crore,"Faisal Town - F-18, Islamabad",6,6,8 Marla
10.8 Crore,"G-13/1, G-13",5,7,14 Marla
8 Crore,"DHA Phase 1 - Sector E, DHA Defence Phase 1",6,6,1 Kanal
5.6 Crore,"Bahria Enclave - Sector C1, Bahria Enclave",5,6,10 Marla
4.6 Crore,"DHA Phase 2 - Sector J, DHA Defence Phase 2",4,5,6 Marla
4.5 Crore,"G-13/1, G-13",4,5,4 Marla
3.35 Crore,"G-13/1, G-13",4,5,4 Marla
3.4 Crore,"Jinnah Gardens, FECHS",5,5,7 Marla
2.5 Crore,"MPCHS - Block E, MPCHS - Multi Gardens",5,5,7 Marla
2.65 Crore,"Soan Garden, Islamabad",5,5,5 Marla
5.75 Crore,"G-11, Islamabad",5,5,5.5 Marla
4.25 Crore,"G-13, Islamabad",10,5,4.4 Marla
4.3 Crore,"G-13, Islamabad",4,5,4.4 Marla
4.1 Crore,"G-13, Islamabad",4,5,4.4 Marla
3 Crore,"G-13, Islamabad",4,4,4.4 Marla
8.5 Crore,"G-13, Islamabad",5,6,10.9 Marla
10.9 Crore,"DHA Defence Phase 2, DHA Defence",6,6,1 Kanal
11.75 Crore,"DHA Defence Phase 2, DHA Defence",5,6,1 Kanal
6.75 Crore,"DHA Defence Phase 2, DHA Defence",5,6,10 Marla
2.06 Crore,"Airport Enclave Villas, Airport Enclave",,,5 Marla
2.06 Crore,"Airport Enclave Villas, Airport Enclave",,,5 Marla
13.2 Crore,"DHA Phase 2 - Sector G, DHA Defence Phase 2",5,6,1 Kanal
5.65 Crore,"D-12/4, D-12",4,4,5 Marla
4.5 Crore,"I-11/1, I-11",5,5,6 Marla
22 Crore,"F-11, Islamabad",7,6,1.1 Kanal
16.5 Crore,"G-13, Islamabad",7,7,1 Kanal
16.7 Crore,"G-13, Islamabad",8,7,1 Kanal
3.75 Crore,"Bahria Enclave, Bahria Town",5,5,9 Marla
5.5 Crore,"Bahria Enclave - Sector A, Bahria Enclave",6,7,10 Marla
9.9 Crore,"I-8, Islamabad",6,6,12 Marla
14.5 Crore,"F-6/1, F-6",4,3,10 Marla
3.4 Crore,"Jinnah Gardens, FECHS",5,6,7 Marla
3.45 Crore,"Jinnah Gardens, FECHS",5,6,7 Marla
4.5 Crore,"Jinnah Gardens, FECHS",4,4,10 Marla
2.4 Crore,"Jinnah Gardens, FECHS",2,3,7 Marla
1.1 Crore,"E-18, Islamabad",2,3,5.6 Marla
5.75 Crore,"D-12, Islamabad",4,4,5 Marla
7.1 Crore,"G-13/2, G-13",4,5,8 Marla
3.7 Crore,"B-17, Islamabad",5,6,8 Marla
14.75 Crore,"DHA Defence Phase 2, DHA Defence",5,5,1 Kanal
13.5 Crore,"DHA Defence Phase 2, DHA Defence",5,5,1 Kanal
10.6 Crore,"DHA Defence Phase 5, DHA Defence",5,5,1 Kanal
14.75 Crore,"DHA Defence Phase 2, DHA Defence",5,5,1 Kanal
22 Crore,"F-11/1, F-11",7,6,1.3 Kanal
7.5 Crore,"G-13, Islamabad",6,6,10 Marla
13.7 Crore,"DHA Defence Phase 2, DHA Defence",5,6,1 Kanal
2.45 Crore,"MPCHS - Multi Gardens, B-17",,,5 Marla
5.8 Crore,"Bahria Enclave - Sector F, Bahria Enclave",5,5,11 Marla
5.2 Crore,"G-13, Islamabad",,,8 Marla
3.4 Crore,"G-13, Islamabad",4,5,4 Marla
1 Crore,"Thanda Pani, Islamabad",2,2,5 Marla
3.85 Crore,"G-13, Islamabad",4,5,4.4 Marla
25 Crore,"F-8, Islamabad",5,6,1 Kanal
10 Crore,"I-8/2, I-8",3,3,14 Marla
14 Crore,"I-8/3, I-8",5,5,14 Marla
3.25 Crore,"Bahria Enclave, Bahria Town",5,6,8 Marla
4.3 Crore,"B-17, Islamabad",5,6,8 Marla
7.25 Crore,"Fazaia Housing Scheme Block B, Fazaia Housing Scheme",5,6,1.2 Kanal
2.95 Crore,"G-11, Islamabad",4,3,3.6 Marla
69.5 Lakh,"DHA Valley - Lilly Sector, DHA Valley",2,2,5 Marla
13.95 Crore,"DHA Defence Phase 2, DHA Defence",5,6,1 Kanal
12.5 Crore,"DHA Defence Phase 2, DHA Defence",5,6,1 Kanal
17.5 Crore,"F-10/1, F-10",7,6,1 Kanal
19.5 Crore,"F-11/4, F-11",8,6,1 Kanal
22.5 Crore,"F-10/2, F-10",8,6,1.2 Kanal
25 Crore,"F-7, Islamabad",6,6,1.3 Kanal
32 Crore,"F-10, Islamabad",8,6,2 Kanal
17 Crore,"F-10, Islamabad",9,6,1 Kanal
28.5 Crore,"F-7, Islamabad",5,6,1 Kanal
10.5 Crore,"G-13/3, G-13",7,6,14 Marla
23.5 Crore,"F-6, Islamabad",5,6,17.8 Marla
7.5 Crore,"Soan Garden - Block E, Soan Garden",7,6,1 Kanal
8.3 Crore,"MPCHS - Block C, MPCHS - Multi Gardens",6,6,1 Kanal
4.5 Crore,"F-15, Islamabad",6,6,10 Marla
4.8 Crore,"Bahria Enclave, Bahria Town",5,5,10 Marla
58 Crore,"F-6/3, F-6",6,6,2.3 Kanal
90 Crore,"F-6/2, F-6",9,6,2 Kanal
45 Crore,"F-7/2, F-7",6,6,2 Kanal
10.7 Crore,"I-8/4, I-8",6,6,14 Marla
11.5 Crore,"I-8/4, I-8",5,5,14 Marla
5.1 Crore,"G-13, Islamabad",5,5,7 Marla
14 Crore,"F-11, Islamabad",7,7,16 Marla
1.7 Arab,"E-7, Islamabad",10,7,2.5 Kanal
5.25 Crore,"G-13, Islamabad",6,7,8 Marla
8 Crore,"G-13, Islamabad",6,7,10.9 Marla
24 Crore,"F-8, Islamabad",4,4,1.1 Kanal
3.1 Crore,"Bhara kahu, Islamabad",6,6,12 Marla
8.5 Crore,"E-11, Islamabad",8,6,10.9 Marla
22 Crore,"F-11/3, F-11",8,6,1 Kanal
16 Crore,"F-10, Islamabad",7,6,1 Kanal
7 Crore,"E-11/3, E-11",6,6,10 Marla
16 Crore,"F-11/4, F-11",6,6,1 Kanal
15 Crore,"E-11/3, E-11",9,6,1 Kanal
